{"FLOWUSDT": 1767446458.1077507, "1000BONKUSDT": 1767446474.6412156, "LIGHTUSDT": 1767446560.6577015, "FARTCOINUSDT": 1767446580.1691751, "HYPEUSDT": 1767455956.449036, "PUMPFUNUSDT": 1767457416.1740544, "VIRUALUSDT": 1767457431.6880493, "PENGUUSDT": 1767457449.7032006, "VIRTUALUSDT": 1767457495.0734222, "BUSDT": 1767457587.9407709}