{"start_balance": 67.8284358, "start_time": 1767298147.72064}